{
  "view1": [
    [
      73.84592218429368,
      81.012673880546,
      19.348329285839267,
      98.53212804477202,
      66.65238994476336,
      51.78256946775216,
      98.703931425937,
      1.63112836966223,
      88.38174354265404,
      6.850070145934286
    ],
    [
      54.253723978870774,
      73.44307600211678,
      13.625634273729867,
      48.72364823559489,
      42.47743404631663,
      71.21569306590028,
      43.64333115464954,
      18.1439034062999,
      75.02866226060073,
      36.549993783417854
    ]
  ],
  "view2": [
    [
      73.33090498495916,
      81.99649522976678,
      19.435529202829056,
      97.64547202240414,
      66.06305498907376,
      52.27524892101192,
      97.37907770362447,
      2.497690715094986,
      87.44955180472267,
      6.988276222821677
    ],
    [
      54.76835618220469,
      72.94560755087335,
      13.474237090295425,
      49.06040097958516,
      42.49420020455216,
      70.2199547323315,
      42.5411117765339,
      17.96330124023359,
      75.04126662859537,
      36.30918454926659
    ]
  ],
  "view3": [
    [
      73.59856081963059,
      82.07961584812259,
      20.3945283161925,
      97.65719528574193,
      66.13712352093317,
      51.63592647431594,
      97.80204584272155,
      1.3161353394667523,
      88.24500176279406,
      6.933213943874211
    ],
    [
      54.027258354488744,
      73.08108769823893,
      15.158389011406966,
      48.65691815356008,
      41.92381956356389,
      70.64085905940014,
      42.9737459298153,
      19.42340632390733,
      75.69583395551648,
      36.871063705155514
    ]
  ]
}